DateTime,Symbol,Direction,Volume,OpenPrice,ClosePrice,Profit
2026-09-24 04:15:00,XAUUSD,sell,1.0,4283.2,4303.46,-2026.0
2026-09-25 13:13:38,XAUUSD,sell,1.0,4284.32,4305.18,-2086.0
2026-09-25 13:15:24,EURUSD,sell,2.0,1.13893,1.13983,-180.0
2026-09-25 13:15:24,AUDUSD,sell,1.0,0.70286,0.70307,-21.0
2026-09-25 13:26:10,GBPUSD,buy,3.0,1.32465,1.32441,-72.0
2026-09-25 13:20:12,XAUUSD,buy,0.9,4304.57,4304.97,36.0
2026-09-25 13:26:57,XAUUSD,sell,1.4,4304.61,4309.95,-747.6
2026-09-25 17:05:21,XAUUSD,sell,1.4,4291.8,4255.02,5149.2
2026-09-25 18:59:39,XAUUSD,sell,1.4,4276.9,4290.17,-1857.8
2026-09-25 18:59:20,XAUUSD,sell,1.4,4279.57,4288.67,-1274.0
2026-09-25 18:58:01,XAUUSD,sell,1.4,4282.09,4282.6,-71.4
2026-09-25 18:58:01,XAUUSD,sell,1.4,4282.09,4282.6,-71.4
2026-09-25 18:58:01,XAUUSD,sell,1.4,4282.09,4282.6,-71.4
2026-09-25 18:54:51,XAUUSD,sell,1.4,4281.91,4280.05,260.4
2026-09-25 18:54:51,XAUUSD,sell,1.4,4281.87,4280.05,254.8
2026-09-25 18:54:51,XAUUSD,sell,1.4,4281.87,4280.05,254.8
2026-09-25 18:58:01,XAUUSD,sell,1.4,4281.97,4282.6,-88.2
2026-09-25 22:49:36,XAUUSD,sell,2.0,4292.36,4293.31,-190.0
2026-09-25 22:49:36,AUDUSD,sell,2.0,0.70269,0.70294,-50.0
2026-09-25 22:49:36,GBPUSD,sell,3.0,1.32441,1.32519,-234.0
2026-09-25 22:49:36,GBPUSD,sell,3.0,1.32442,1.32519,-231.0
2026-09-28 10:49:50,GBPUSD,sell,3.0,1.32442,1.32664,-666.0
2026-09-28 10:40:36,GBPUSD,sell,3.0,1.32394,1.32613,-657.0
2026-09-28 16:13:23,GBPUSD,buy,3.0,1.32663,1.3249,-519.0
2026-09-28 19:06:20,XAUUSD,sell,1.0,4149.38,4123.99,2539.0
2026-09-28 17:36:44,XAUUSD,sell,1.0,4157.44,4134.4,2304.0
